effect_generation,rarity,availability,release_date,release_update
Love & War,Common,['Unusualifier'],2014-06-18,Love & War Update
Smissmas 2019,Limited,['No Longer Obtainable'],2019-12-16,Smissmas 2019
Halloween 2014,Limited,['No Longer Obtainable'],2014-10-29,Scream Fortress VI
Halloween 2020,Limited,['No Longer Obtainable'],2020-10-01,Scream Fortress XII
Halloween 2016,Limited,['No Longer Obtainable'],2016-10-21,Scream Fortress VIII
Smissmas 2020,Limited,['No Longer Obtainable'],2020-12-03,Smissmas 2020
Halloween 2018,Limited,['No Longer Obtainable'],2018-10-19,Scream Fortress X
Halloween 2019,Limited,['No Longer Obtainable'],2019-10-10,Scream Fortress XI
